PegaRULES Application Trace,,,,,,,,,,
,,,,,,,,,,
System Name: tcpfusionqa,,,,,,,,,,
System Node: vtcpfusionqa.rpega.com,,,,,,,,,,
System Port: 9030,,,,,,,,,,
User: trn01@pegasystems.com,,,,,,,,,,
Requestor ID: HWAELRAS45291IL9PRUE81EM8BMSG0424,,,,,,,,,,
,,,,,,,,,,
Sequence,Interaction,Activity,Caller,Step,Method Name or When Result,Inlined?,Total CPU Time,CPU Time Without Children,Total Wall Time,Wall Time Without Children
1,3,RULE-OBJ-ACTIVITY @BASECLASS RELOADSECTION #20170710T071709.574 GMT,,1,Java,,0,0,0,0
2,3,RULE-OBJ-ACTIVITY @BASECLASS RELOADSECTION #20170710T071709.574 GMT,,2,java,,0,0,0,0
4,3,RULE-OBJ-ACTIVITY @BASECLASS RELOADSECTION #20170710T071709.574 GMT,,W,FALSE,TRUE,0,0,0,0
6,3,RULE-OBJ-ACTIVITY @BASECLASS RELOADSECTION #20170710T071709.574 GMT,,W,TRUE,TRUE,0,0,0,0
8,3,RULE-OBJ-ACTIVITY @BASECLASS RELOADSECTION #20170710T071709.574 GMT,,W,TRUE,TRUE,0,0,0,0
10,3,RULE-OBJ-ACTIVITY @BASECLASS RELOADSECTION #20170710T071709.574 GMT,,W,TRUE,TRUE,0,0,0,0
12,3,RULE-OBJ-ACTIVITY @BASECLASS RELOADSECTION #20170710T071709.574 GMT,,W,FALSE,TRUE,0,0,0,0
14,3,RULE-OBJ-ACTIVITY @BASECLASS RELOADSECTION #20170710T071709.574 GMT,,W,FALSE,TRUE,0,0,0,0
15,3,RULE-OBJ-ACTIVITY @BASECLASS RELOADSECTION #20170710T071709.574 GMT,,9,Property-Set,,0,0,0,0
17,3,RULE-OBJ-ACTIVITY @BASECLASS RELOADSECTION #20170710T071709.574 GMT,,W,TRUE,TRUE,0,0,0,0
19,3,RULE-OBJ-WHEN @BASECLASS RECORDEVENT #20130919T004757.739 GMT,,W,FALSE,FALSE,0,0,0,0
20,3,RULE-HTML-FRAGMENT PZRESTOREGADGET #20130919T004722.404 GMT,RULE-OBJ-ACTIVITY @BASECLASS RELOADSECTION #20170710T071709.574 GMT,S,Contributed-Length: 0,TRUE,0,0,0,0
23,3,RULE-DECLARE-PAGES DECLARE_PYDISPLAY #20130919T011245.707 GMT,,DP,,,0,0,0,0
24,3,RULE-OBJ-WHEN @BASECLASS PYISMOBILE #20170502T114224.083 GMT,,W,FALSE,FALSE,0,0,0,0
22,3,RULE-OBJ-WHEN @BASECLASS PYENABLEUIINSPECTOR #20151106T223122.999 GMT,,W,TRUE,FALSE,0,0,0,0
25,3,RULE-OBJ-WHEN @BASECLASS PZENABLEFVINSPECTOR #20160503T192635.917 GMT,,W,FALSE,FALSE,0,0,0,0
21,3,RULE-HTML-SECTION DATA-PORTAL PZPERFORMANCELINKSPROFILER #20130919T012151.386 GMT,,S,Contributed-Length: 1081,FALSE,0,0,0.002,0.002
27,3,RULE-DECLARE-PAGES D_PXUSERDASHBOARD #20141223T140645.014 GMT,RULE-OBJ-ACTIVITY @BASECLASS RELOADSECTION #20170710T071709.574 GMT,DP,,,0,0,0,0
28,3,RULE-DECLARE-PAGES D_PXUSERDASHBOARD #20141223T140645.014 GMT,RULE-OBJ-ACTIVITY @BASECLASS RELOADSECTION #20170710T071709.574 GMT,DP,,,0,0,0,0
29,3,RULE-DECLARE-PAGES D_PXUSERDASHBOARD #20141223T140645.014 GMT,RULE-OBJ-ACTIVITY @BASECLASS RELOADSECTION #20170710T071709.574 GMT,DP,,,0,0,0,0
30,3,RULE-DECLARE-PAGES D_PXUSERDASHBOARD #20141223T140645.014 GMT,RULE-OBJ-ACTIVITY @BASECLASS RELOADSECTION #20170710T071709.574 GMT,DP,,,0,0,0,0
26,3,RULE-HTML-FRAGMENT FORMERRORMARKER #20150508T063241.925 GMT,RULE-OBJ-ACTIVITY @BASECLASS RELOADSECTION #20170710T071709.574 GMT,S,Contributed-Length: 12,TRUE,0,0,0,0
32,3,RULE-OBJ-HTML @BASECLASS PZONLYONCECHANGES #20170404T193659.359 GMT,RULE-OBJ-ACTIVITY @BASECLASS RELOADSECTION #20170710T071709.574 GMT,S,Contributed-Length: 0,TRUE,0,0,0,0
31,3,RULE-HTML-FRAGMENT DOCUMENTINFO #20170209T125145.055 GMT,RULE-OBJ-ACTIVITY @BASECLASS RELOADSECTION #20170710T071709.574 GMT,S,Contributed-Length: 5,TRUE,0,0,0,0
34,3,RULE-DECLARE-PAGES DECLARE_PYDISPLAY #20130919T011245.707 GMT,RULE-OBJ-ACTIVITY @BASECLASS RELOADSECTION #20170710T071709.574 GMT,DP,,,0,0,0,0
35,3,RULE-DECLARE-PAGES D_PDNFEED #20140603T105019.152 GMT,RULE-OBJ-ACTIVITY @BASECLASS RELOADSECTION #20170710T071709.574 GMT,DP,,,0,0,0,0
36,3,RULE-DECLARE-PAGES D_PDNFEED #20140603T105019.152 GMT,RULE-OBJ-ACTIVITY @BASECLASS RELOADSECTION #20170710T071709.574 GMT,DP,,,0,0,0,0
37,3,RULE-DECLARE-PAGES DECLARE_PZRECENTSCACHE #20130919T004803.735 GMT,RULE-OBJ-ACTIVITY @BASECLASS RELOADSECTION #20170710T071709.574 GMT,DP,,,0,0,0,0
38,3,RULE-DECLARE-PAGES D_PDNFEED #20140603T105019.152 GMT,RULE-OBJ-ACTIVITY @BASECLASS RELOADSECTION #20170710T071709.574 GMT,DP,,,0,0,0,0
39,3,RULE-DECLARE-PAGES DECLARE_PZRECENTSCACHE #20130919T004803.735 GMT,RULE-OBJ-ACTIVITY @BASECLASS RELOADSECTION #20170710T071709.574 GMT,DP,,,0,0,0,0
40,3,RULE-DECLARE-PAGES D_PDNFEED #20140603T105019.152 GMT,RULE-OBJ-ACTIVITY @BASECLASS RELOADSECTION #20170710T071709.574 GMT,DP,,,0,0,0,0
41,3,RULE-DECLARE-PAGES DECLARE_PYDISPLAY #20130919T011245.707 GMT,RULE-OBJ-ACTIVITY @BASECLASS RELOADSECTION #20170710T071709.574 GMT,DP,,,0,0,0,0
42,3,RULE-DECLARE-PAGES D_PDNFEED #20140603T105019.152 GMT,RULE-OBJ-ACTIVITY @BASECLASS RELOADSECTION #20170710T071709.574 GMT,DP,,,0,0,0,0
43,3,RULE-DECLARE-PAGES DECLARE_PYDISPLAY #20130919T011245.707 GMT,RULE-OBJ-ACTIVITY @BASECLASS RELOADSECTION #20170710T071709.574 GMT,DP,,,0,0,0,0
33,3,RULE-OBJ-HTML @BASECLASS PZTRACKERCHANGES #20160719T133328.325 GMT,RULE-OBJ-ACTIVITY @BASECLASS RELOADSECTION #20170710T071709.574 GMT,S,Contributed-Length: 0,TRUE,0,0,0.001,0.001
18,3,RULE-OBJ-HTML @BASECLASS RELOADSECTION #20160725T130608.508 GMT,RULE-OBJ-ACTIVITY @BASECLASS RELOADSECTION #20170710T071709.574 GMT,S,Contributed-Length: 107,FALSE,0,0,0.004,0.001
16,3,RULE-OBJ-ACTIVITY @BASECLASS RELOADSECTION #20170710T071709.574 GMT,,10,Show-HTML,,0,0,0.005,0.001
46,9,RULE-DECLARE-PAGES DECLARE_PYDISPLAY #20130919T011245.707 GMT,RULE-OBJ-ACTIVITY @BASECLASS PZGETTRACKERCHANGES #20140919T092537.455 GMT,DP,,,0,0,0,0
47,9,RULE-DECLARE-PAGES D_PDNFEED #20140603T105019.152 GMT,RULE-OBJ-ACTIVITY @BASECLASS PZGETTRACKERCHANGES #20140919T092537.455 GMT,DP,,,0,0,0,0
48,9,RULE-DECLARE-PAGES D_PDNFEED #20140603T105019.152 GMT,RULE-OBJ-ACTIVITY @BASECLASS PZGETTRACKERCHANGES #20140919T092537.455 GMT,DP,,,0,0,0,0
49,9,RULE-DECLARE-PAGES DECLARE_PZRECENTSCACHE #20130919T004803.735 GMT,RULE-OBJ-ACTIVITY @BASECLASS PZGETTRACKERCHANGES #20140919T092537.455 GMT,DP,,,0,0,0,0
50,9,RULE-DECLARE-PAGES D_PDNFEED #20140603T105019.152 GMT,RULE-OBJ-ACTIVITY @BASECLASS PZGETTRACKERCHANGES #20140919T092537.455 GMT,DP,,,0,0,0,0
51,9,RULE-DECLARE-PAGES DECLARE_PZRECENTSCACHE #20130919T004803.735 GMT,RULE-OBJ-ACTIVITY @BASECLASS PZGETTRACKERCHANGES #20140919T092537.455 GMT,DP,,,0,0,0,0
52,9,RULE-DECLARE-PAGES D_PDNFEED #20140603T105019.152 GMT,RULE-OBJ-ACTIVITY @BASECLASS PZGETTRACKERCHANGES #20140919T092537.455 GMT,DP,,,0,0,0,0
53,9,RULE-DECLARE-PAGES DECLARE_PYDISPLAY #20130919T011245.707 GMT,RULE-OBJ-ACTIVITY @BASECLASS PZGETTRACKERCHANGES #20140919T092537.455 GMT,DP,,,0,0,0,0
54,9,RULE-DECLARE-PAGES D_PDNFEED #20140603T105019.152 GMT,RULE-OBJ-ACTIVITY @BASECLASS PZGETTRACKERCHANGES #20140919T092537.455 GMT,DP,,,0,0,0,0
55,9,RULE-DECLARE-PAGES DECLARE_PYDISPLAY #20130919T011245.707 GMT,RULE-OBJ-ACTIVITY @BASECLASS PZGETTRACKERCHANGES #20140919T092537.455 GMT,DP,,,0,0,0,0
45,9,RULE-OBJ-HTML @BASECLASS PZTRACKERCHANGES #20160719T133328.325 GMT,RULE-OBJ-ACTIVITY @BASECLASS PZGETTRACKERCHANGES #20140919T092537.455 GMT,S,Contributed-Length: 0,FALSE,0,0,0.003,0.003
44,9,RULE-OBJ-ACTIVITY @BASECLASS PZGETTRACKERCHANGES #20140919T092537.455 GMT,,1,Java,,0,0,0.005,0.002
56,9,RULE-OBJ-ACTIVITY @BASECLASS PZGETTRACKERCHANGES #20140919T092537.455 GMT,,2,Show-Property,,0,0,0,0
59,15,RULE-DECLARE-PAGES DECLARE_PYDISPLAY #20130919T011245.707 GMT,RULE-OBJ-ACTIVITY @BASECLASS PZGETTRACKERCHANGES #20140919T092537.455 GMT,DP,,,0,0,0,0
60,15,RULE-DECLARE-PAGES DECLARE_PYDISPLAY #20130919T011245.707 GMT,RULE-OBJ-ACTIVITY @BASECLASS PZGETTRACKERCHANGES #20140919T092537.455 GMT,DP,,,0,0,0,0
61,15,RULE-DECLARE-PAGES D_PDNFEED #20140603T105019.152 GMT,RULE-OBJ-ACTIVITY @BASECLASS PZGETTRACKERCHANGES #20140919T092537.455 GMT,DP,,,0,0,0,0
62,15,RULE-DECLARE-PAGES D_PDNFEED #20140603T105019.152 GMT,RULE-OBJ-ACTIVITY @BASECLASS PZGETTRACKERCHANGES #20140919T092537.455 GMT,DP,,,0,0,0,0
63,15,RULE-DECLARE-PAGES DECLARE_PZRECENTSCACHE #20130919T004803.735 GMT,RULE-OBJ-ACTIVITY @BASECLASS PZGETTRACKERCHANGES #20140919T092537.455 GMT,DP,,,0,0,0,0
64,15,RULE-DECLARE-PAGES D_PDNFEED #20140603T105019.152 GMT,RULE-OBJ-ACTIVITY @BASECLASS PZGETTRACKERCHANGES #20140919T092537.455 GMT,DP,,,0,0,0,0
65,15,RULE-DECLARE-PAGES DECLARE_PZRECENTSCACHE #20130919T004803.735 GMT,RULE-OBJ-ACTIVITY @BASECLASS PZGETTRACKERCHANGES #20140919T092537.455 GMT,DP,,,0,0,0,0
66,15,RULE-DECLARE-PAGES D_PDNFEED #20140603T105019.152 GMT,RULE-OBJ-ACTIVITY @BASECLASS PZGETTRACKERCHANGES #20140919T092537.455 GMT,DP,,,0,0,0,0
67,15,RULE-DECLARE-PAGES DECLARE_PYDISPLAY #20130919T011245.707 GMT,RULE-OBJ-ACTIVITY @BASECLASS PZGETTRACKERCHANGES #20140919T092537.455 GMT,DP,,,0,0,0,0
68,15,RULE-DECLARE-PAGES D_PDNFEED #20140603T105019.152 GMT,RULE-OBJ-ACTIVITY @BASECLASS PZGETTRACKERCHANGES #20140919T092537.455 GMT,DP,,,0,0,0,0
69,15,RULE-DECLARE-PAGES DECLARE_PYDISPLAY #20130919T011245.707 GMT,RULE-OBJ-ACTIVITY @BASECLASS PZGETTRACKERCHANGES #20140919T092537.455 GMT,DP,,,0,0,0,0
58,15,RULE-OBJ-HTML @BASECLASS PZTRACKERCHANGES #20160719T133328.325 GMT,RULE-OBJ-ACTIVITY @BASECLASS PZGETTRACKERCHANGES #20140919T092537.455 GMT,S,Contributed-Length: 574,FALSE,0,0,0.001,0.001
57,15,RULE-OBJ-ACTIVITY @BASECLASS PZGETTRACKERCHANGES #20140919T092537.455 GMT,,1,Java,,0,0,0.001,0
70,15,RULE-OBJ-ACTIVITY @BASECLASS PZGETTRACKERCHANGES #20140919T092537.455 GMT,,2,Show-Property,,0,0,0,0
71,16,RULE-OBJ-ACTIVITY @BASECLASS RELOADSECTION #20170710T071709.574 GMT,,1,Java,,0,0,0,0
72,16,RULE-OBJ-ACTIVITY @BASECLASS RELOADSECTION #20170710T071709.574 GMT,,2,java,,0,0,0,0
74,16,RULE-OBJ-ACTIVITY @BASECLASS RELOADSECTION #20170710T071709.574 GMT,,W,FALSE,TRUE,0,0,0,0
76,16,RULE-OBJ-ACTIVITY @BASECLASS RELOADSECTION #20170710T071709.574 GMT,,W,TRUE,TRUE,0,0,0,0
78,16,RULE-OBJ-ACTIVITY @BASECLASS RELOADSECTION #20170710T071709.574 GMT,,W,TRUE,TRUE,0,0,0,0
80,16,RULE-OBJ-ACTIVITY @BASECLASS RELOADSECTION #20170710T071709.574 GMT,,W,TRUE,TRUE,0,0,0,0
82,16,RULE-OBJ-ACTIVITY @BASECLASS RELOADSECTION #20170710T071709.574 GMT,,W,FALSE,TRUE,0,0,0,0
84,16,RULE-OBJ-ACTIVITY @BASECLASS RELOADSECTION #20170710T071709.574 GMT,,W,FALSE,TRUE,0,0,0,0
85,16,RULE-OBJ-ACTIVITY @BASECLASS RELOADSECTION #20170710T071709.574 GMT,,9,Property-Set,,0,0,0,0
87,16,RULE-OBJ-ACTIVITY @BASECLASS RELOADSECTION #20170710T071709.574 GMT,,W,FALSE,TRUE,0,0,0,0
90,16,RULE-OBJ-WHEN @BASECLASS RECORDEVENT #20130919T004757.739 GMT,,W,FALSE,FALSE,0,0,0,0
91,16,RULE-HTML-FRAGMENT PZRESTOREGADGET #20130919T004722.404 GMT,RULE-OBJ-ACTIVITY @BASECLASS RELOADSECTION #20170710T071709.574 GMT,S,Contributed-Length: 0,TRUE,0,0,0,0
94,16,RULE-DECLARE-PAGES DECLARE_PYDISPLAY #20130919T011245.707 GMT,,DP,,,0,0,0,0
95,16,RULE-OBJ-WHEN @BASECLASS PYISMOBILE #20170502T114224.083 GMT,,W,FALSE,FALSE,0,0,0,0
93,16,RULE-OBJ-WHEN @BASECLASS PYENABLEUIINSPECTOR #20151106T223122.999 GMT,,W,TRUE,FALSE,0,0,0,0
96,16,RULE-OBJ-WHEN @BASECLASS PZENABLEFVINSPECTOR #20160503T192635.917 GMT,,W,FALSE,FALSE,0,0,0.001,0.001
97,16,RULE-OBJ-WHEN @BASECLASS PZENABLETESTID #20140807T152052.724 GMT,,W,TRUE,FALSE,0,0,0,0
98,16,RULE-OBJ-WHEN @BASECLASS PYISMOBILE #20170502T114224.083 GMT,,W,FALSE,FALSE,0,0,0,0
99,16,RULE-HTML-FRAGMENT PZMENUBARINCLUDE #20170720T022946.262 GMT,,S,Contributed-Length: 0,FALSE,0,0,0,0
100,16,RULE-OBJ-WHEN @BASECLASS PYISMOBILE #20170502T114224.083 GMT,,W,FALSE,FALSE,0,0,0,0
104,16,RULE-DECLARE-PAGES DECLARE_PZRECENTSCACHE #20130919T004803.735 GMT,,DP,,,0,0,0,0
103,16,RULE-OBJ-WHEN @BASECLASS PXRECENTSRELOADCONDITION #20130919T011233.346 GMT,,W,FALSE,FALSE,0,0,0.001,0.001
105,16,RULE-OBJ-ACTIVITY @BASECLASS PZPOPULATERECENTGADGETLIST #20151217T205655.976 GMT,,1,Property-Set,,0,0,0,0
106,16,RULE-OBJ-ACTIVITY @BASECLASS PZPOPULATERECENTGADGETLIST #20151217T205655.976 GMT,,2,Property-Remove,,0,0,0,0
108,16,RULE-DECLARE-PAGES DECLARE_PZRECENTSCACHE #20130919T004803.735 GMT,,DP,,,0,0,0,0
107,16,RULE-OBJ-ACTIVITY @BASECLASS PZPOPULATERECENTGADGETLIST #20151217T205655.976 GMT,,3,Java,,0,0,0.006,0.006
102,16,RULE-DECLARE-PAGES DECLARE_PXRECENTS #20161101T173625.303 GMT,,DP,,,0,0,0.015,0.015
109,16,RULE-DECLARE-PAGES DECLARE_PXRECENTS #20161101T173625.303 GMT,,DP,,,0,0,0,0
110,16,RULE-DECLARE-PAGES DECLARE_PXRECENTS #20161101T173625.303 GMT,,DP,,,0,0,0,0
111,16,RULE-HTML-FRAGMENT PZGRID_INCLUDES #20160801T131606.277 GMT,,S,Contributed-Length: 2,FALSE,0,0,0,0
112,16,RULE-DECLARE-PAGES DECLARE_PXRECENTS #20161101T173625.303 GMT,,DP,,,0,0,0,0
113,16,RULE-DECLARE-PAGES DECLARE_PXRECENTS #20161101T173625.303 GMT,,DP,,,0,0,0,0
114,16,RULE-OBJ-WHEN SYSTEM-USER-RECENTS PZISFILTERINGENABLED #20140707T092840.089 GMT,,W,TRUE,FALSE,0,0,0,0
115,16,RULE-HTML-FRAGMENT PZGRIDOPENACTION #20141218T064019.183 GMT,,S,Contributed-Length: 11,FALSE,0,0,0,0
117,16,RULE-DECLARE-PAGES DECLARE_PXRECENTS #20161101T173625.303 GMT,,DP,,,0,0,0,0
118,16,RULE-OBJ-WHEN @BASECLASS ISACCESSIBLE #20140710T095922.612 GMT,,W,FALSE,FALSE,0,0,0,0
119,16,RULE-DECLARE-PAGES DECLARE_PXRECENTS #20161101T173625.303 GMT,,DP,,,0,0,0,0
116,16,RULE-HTML-SECTION @BASECLASS PYFATLISTITEMS #20160909T102746.374 GMT,,S,Contributed-Length: 5761,FALSE,0,0,0.001,0.001
120,16,RULE-OBJ-WHEN SYSTEM-USER-RECENTS PZISFILTERINGENABLED #20140707T092840.089 GMT,,W,TRUE,FALSE,0,0,0,0
121,16,RULE-HTML-FRAGMENT PZGRIDOPENACTION #20141218T064019.183 GMT,,S,Contributed-Length: 11,FALSE,0,0,0,0
123,16,RULE-DECLARE-PAGES DECLARE_PXRECENTS #20161101T173625.303 GMT,,DP,,,0,0,0,0
124,16,RULE-DECLARE-PAGES DECLARE_PXRECENTS #20161101T173625.303 GMT,,DP,,,0,0,0,0
122,16,RULE-HTML-SECTION @BASECLASS PYFATLISTITEMS #20160909T102746.374 GMT,,S,Contributed-Length: 5765,FALSE,0,0,0.002,0.002
125,16,RULE-OBJ-WHEN SYSTEM-USER-RECENTS PZISFILTERINGENABLED #20140707T092840.089 GMT,,W,TRUE,FALSE,0,0,0,0
126,16,RULE-HTML-FRAGMENT PZGRIDOPENACTION #20141218T064019.183 GMT,,S,Contributed-Length: 11,FALSE,0,0,0,0
128,16,RULE-DECLARE-PAGES DECLARE_PXRECENTS #20161101T173625.303 GMT,,DP,,,0,0,0,0
129,16,RULE-DECLARE-PAGES DECLARE_PXRECENTS #20161101T173625.303 GMT,,DP,,,0,0,0,0
127,16,RULE-HTML-SECTION @BASECLASS PYFATLISTITEMS #20160909T102746.374 GMT,,S,Contributed-Length: 5771,FALSE,0,0,0.001,0.001
130,16,RULE-OBJ-WHEN SYSTEM-USER-RECENTS PZISFILTERINGENABLED #20140707T092840.089 GMT,,W,TRUE,FALSE,0,0,0,0
131,16,RULE-HTML-FRAGMENT PZGRIDOPENACTION #20141218T064019.183 GMT,,S,Contributed-Length: 11,FALSE,0,0,0,0
133,16,RULE-DECLARE-PAGES DECLARE_PXRECENTS #20161101T173625.303 GMT,,DP,,,0,0,0,0
134,16,RULE-DECLARE-PAGES DECLARE_PXRECENTS #20161101T173625.303 GMT,,DP,,,0,0,0,0
132,16,RULE-HTML-SECTION @BASECLASS PYFATLISTITEMS #20160909T102746.374 GMT,,S,Contributed-Length: 5772,FALSE,0,0,0.001,0.001
135,16,RULE-OBJ-WHEN SYSTEM-USER-RECENTS PZISFILTERINGENABLED #20140707T092840.089 GMT,,W,TRUE,FALSE,0,0,0,0
136,16,RULE-HTML-FRAGMENT PZGRIDOPENACTION #20141218T064019.183 GMT,,S,Contributed-Length: 11,FALSE,0,0,0,0
138,16,RULE-DECLARE-PAGES DECLARE_PXRECENTS #20161101T173625.303 GMT,,DP,,,0,0,0,0
139,16,RULE-DECLARE-PAGES DECLARE_PXRECENTS #20161101T173625.303 GMT,,DP,,,0,0,0,0
137,16,RULE-HTML-SECTION @BASECLASS PYFATLISTITEMS #20160909T102746.374 GMT,,S,Contributed-Length: 5732,FALSE,0,0,0.001,0.001
140,16,RULE-OBJ-WHEN SYSTEM-USER-RECENTS PZISFILTERINGENABLED #20140707T092840.089 GMT,,W,TRUE,FALSE,0,0,0,0
141,16,RULE-HTML-FRAGMENT PZGRIDOPENACTION #20141218T064019.183 GMT,,S,Contributed-Length: 11,FALSE,0,0,0,0
143,16,RULE-DECLARE-PAGES DECLARE_PXRECENTS #20161101T173625.303 GMT,,DP,,,0,0,0,0
144,16,RULE-DECLARE-PAGES DECLARE_PXRECENTS #20161101T173625.303 GMT,,DP,,,0,0,0,0
142,16,RULE-HTML-SECTION @BASECLASS PYFATLISTITEMS #20160909T102746.374 GMT,,S,Contributed-Length: 5732,FALSE,0,0,0.002,0.002
145,16,RULE-OBJ-WHEN SYSTEM-USER-RECENTS PZISFILTERINGENABLED #20140707T092840.089 GMT,,W,TRUE,FALSE,0,0,0,0
146,16,RULE-HTML-FRAGMENT PZGRIDOPENACTION #20141218T064019.183 GMT,,S,Contributed-Length: 11,FALSE,0,0,0.001,0.001
148,16,RULE-DECLARE-PAGES DECLARE_PXRECENTS #20161101T173625.303 GMT,,DP,,,0,0,0,0
149,16,RULE-DECLARE-PAGES DECLARE_PXRECENTS #20161101T173625.303 GMT,,DP,,,0,0,0,0
147,16,RULE-HTML-SECTION @BASECLASS PYFATLISTITEMS #20160909T102746.374 GMT,,S,Contributed-Length: 5739,FALSE,0,0,0.001,0.001
150,16,RULE-OBJ-WHEN SYSTEM-USER-RECENTS PZISFILTERINGENABLED #20140707T092840.089 GMT,,W,TRUE,FALSE,0,0,0.001,0.001
151,16,RULE-HTML-FRAGMENT PZGRIDOPENACTION #20141218T064019.183 GMT,,S,Contributed-Length: 11,FALSE,0,0,0,0
153,16,RULE-DECLARE-PAGES DECLARE_PXRECENTS #20161101T173625.303 GMT,,DP,,,0,0,0,0
154,16,RULE-DECLARE-PAGES DECLARE_PXRECENTS #20161101T173625.303 GMT,,DP,,,0,0,0,0
152,16,RULE-HTML-SECTION @BASECLASS PYFATLISTITEMS #20160909T102746.374 GMT,,S,Contributed-Length: 5740,FALSE,0,0,0.001,0.001
155,16,RULE-OBJ-WHEN SYSTEM-USER-RECENTS PZISFILTERINGENABLED #20140707T092840.089 GMT,,W,TRUE,FALSE,0,0,0,0
156,16,RULE-HTML-FRAGMENT PZGRIDOPENACTION #20141218T064019.183 GMT,,S,Contributed-Length: 11,FALSE,0,0,0,0
158,16,RULE-DECLARE-PAGES DECLARE_PXRECENTS #20161101T173625.303 GMT,,DP,,,0,0,0,0
159,16,RULE-DECLARE-PAGES DECLARE_PXRECENTS #20161101T173625.303 GMT,,DP,,,0,0,0,0
157,16,RULE-HTML-SECTION @BASECLASS PYFATLISTITEMS #20160909T102746.374 GMT,,S,Contributed-Length: 5734,FALSE,0,0,0.002,0.002
160,16,RULE-OBJ-WHEN SYSTEM-USER-RECENTS PZISFILTERINGENABLED #20140707T092840.089 GMT,,W,TRUE,FALSE,0,0,0,0
161,16,RULE-HTML-FRAGMENT PZGRIDOPENACTION #20141218T064019.183 GMT,,S,Contributed-Length: 11,FALSE,0,0,0,0
163,16,RULE-DECLARE-PAGES DECLARE_PXRECENTS #20161101T173625.303 GMT,,DP,,,0,0,0,0
164,16,RULE-DECLARE-PAGES DECLARE_PXRECENTS #20161101T173625.303 GMT,,DP,,,0,0,0,0
162,16,RULE-HTML-SECTION @BASECLASS PYFATLISTITEMS #20160909T102746.374 GMT,,S,Contributed-Length: 5736,FALSE,0,0,0.001,0.001
165,16,RULE-OBJ-WHEN SYSTEM-USER-RECENTS PZISFILTERINGENABLED #20140707T092840.089 GMT,,W,TRUE,FALSE,0,0,0,0
166,16,RULE-HTML-FRAGMENT PZGRIDOPENACTION #20141218T064019.183 GMT,,S,Contributed-Length: 11,FALSE,0,0,0,0
168,16,RULE-DECLARE-PAGES DECLARE_PXRECENTS #20161101T173625.303 GMT,,DP,,,0,0,0,0
169,16,RULE-DECLARE-PAGES DECLARE_PXRECENTS #20161101T173625.303 GMT,,DP,,,0,0,0,0
167,16,RULE-HTML-SECTION @BASECLASS PYFATLISTITEMS #20160909T102746.374 GMT,,S,Contributed-Length: 5736,FALSE,0,0,0.001,0.001
170,16,RULE-OBJ-WHEN SYSTEM-USER-RECENTS PZISFILTERINGENABLED #20140707T092840.089 GMT,,W,TRUE,FALSE,0,0,0,0
171,16,RULE-HTML-FRAGMENT PZGRIDOPENACTION #20141218T064019.183 GMT,,S,Contributed-Length: 11,FALSE,0,0,0,0
173,16,RULE-DECLARE-PAGES DECLARE_PXRECENTS #20161101T173625.303 GMT,,DP,,,0,0,0,0
174,16,RULE-DECLARE-PAGES DECLARE_PXRECENTS #20161101T173625.303 GMT,,DP,,,0,0,0,0
172,16,RULE-HTML-SECTION @BASECLASS PYFATLISTITEMS #20160909T102746.374 GMT,,S,Contributed-Length: 5716,FALSE,0,0,0.002,0.002
175,16,RULE-OBJ-WHEN SYSTEM-USER-RECENTS PZISFILTERINGENABLED #20140707T092840.089 GMT,,W,TRUE,FALSE,0,0,0,0
176,16,RULE-HTML-FRAGMENT PZGRIDOPENACTION #20141218T064019.183 GMT,,S,Contributed-Length: 11,FALSE,0,0,0,0
178,16,RULE-DECLARE-PAGES DECLARE_PXRECENTS #20161101T173625.303 GMT,,DP,,,0,0,0,0
179,16,RULE-DECLARE-PAGES DECLARE_PXRECENTS #20161101T173625.303 GMT,,DP,,,0,0,0.001,0.001
177,16,RULE-HTML-SECTION @BASECLASS PYFATLISTITEMS #20160909T102746.374 GMT,,S,Contributed-Length: 5716,FALSE,0,0,0.001,0.001
180,16,RULE-OBJ-WHEN SYSTEM-USER-RECENTS PZISFILTERINGENABLED #20140707T092840.089 GMT,,W,TRUE,FALSE,0,0,0,0
181,16,RULE-HTML-FRAGMENT PZGRIDOPENACTION #20141218T064019.183 GMT,,S,Contributed-Length: 11,FALSE,0,0,0,0
183,16,RULE-DECLARE-PAGES DECLARE_PXRECENTS #20161101T173625.303 GMT,,DP,,,0,0,0,0
184,16,RULE-DECLARE-PAGES DECLARE_PXRECENTS #20161101T173625.303 GMT,,DP,,,0,0,0,0
182,16,RULE-HTML-SECTION @BASECLASS PYFATLISTITEMS #20160909T102746.374 GMT,,S,Contributed-Length: 5757,FALSE,0,0,0.001,0.001
185,16,RULE-OBJ-WHEN SYSTEM-USER-RECENTS PZISFILTERINGENABLED #20140707T092840.089 GMT,,W,TRUE,FALSE,0,0,0,0
186,16,RULE-HTML-FRAGMENT PZGRIDOPENACTION #20141218T064019.183 GMT,,S,Contributed-Length: 11,FALSE,0,0,0,0
188,16,RULE-DECLARE-PAGES DECLARE_PXRECENTS #20161101T173625.303 GMT,,DP,,,0,0,0,0
189,16,RULE-DECLARE-PAGES DECLARE_PXRECENTS #20161101T173625.303 GMT,,DP,,,0,0,0,0
187,16,RULE-HTML-SECTION @BASECLASS PYFATLISTITEMS #20160909T102746.374 GMT,,S,Contributed-Length: 5755,FALSE,0,0,0.001,0.001
190,16,RULE-OBJ-WHEN SYSTEM-USER-RECENTS PZISFILTERINGENABLED #20140707T092840.089 GMT,,W,TRUE,FALSE,0,0,0.001,0.001
191,16,RULE-HTML-FRAGMENT PZGRIDOPENACTION #20141218T064019.183 GMT,,S,Contributed-Length: 11,FALSE,0,0,0,0
193,16,RULE-DECLARE-PAGES DECLARE_PXRECENTS #20161101T173625.303 GMT,,DP,,,0,0,0,0
194,16,RULE-DECLARE-PAGES DECLARE_PXRECENTS #20161101T173625.303 GMT,,DP,,,0,0,0,0
192,16,RULE-HTML-SECTION @BASECLASS PYFATLISTITEMS #20160909T102746.374 GMT,,S,Contributed-Length: 5740,FALSE,0,0,0.001,0.001
195,16,RULE-OBJ-WHEN SYSTEM-USER-RECENTS PZISFILTERINGENABLED #20140707T092840.089 GMT,,W,TRUE,FALSE,0,0,0,0
196,16,RULE-HTML-FRAGMENT PZGRIDOPENACTION #20141218T064019.183 GMT,,S,Contributed-Length: 11,FALSE,0,0,0,0
198,16,RULE-DECLARE-PAGES DECLARE_PXRECENTS #20161101T173625.303 GMT,,DP,,,0,0,0,0
199,16,RULE-DECLARE-PAGES DECLARE_PXRECENTS #20161101T173625.303 GMT,,DP,,,0,0,0,0
197,16,RULE-HTML-SECTION @BASECLASS PYFATLISTITEMS #20160909T102746.374 GMT,,S,Contributed-Length: 5740,FALSE,0,0,0.001,0.001
200,16,RULE-OBJ-WHEN SYSTEM-USER-RECENTS PZISFILTERINGENABLED #20140707T092840.089 GMT,,W,TRUE,FALSE,0,0,0,0
201,16,RULE-HTML-FRAGMENT PZGRIDOPENACTION #20141218T064019.183 GMT,,S,Contributed-Length: 11,FALSE,0,0,0,0
203,16,RULE-DECLARE-PAGES DECLARE_PXRECENTS #20161101T173625.303 GMT,,DP,,,0,0,0,0
204,16,RULE-DECLARE-PAGES DECLARE_PXRECENTS #20161101T173625.303 GMT,,DP,,,0,0,0,0
202,16,RULE-HTML-SECTION @BASECLASS PYFATLISTITEMS #20160909T102746.374 GMT,,S,Contributed-Length: 5739,FALSE,0,0,0.002,0.002
205,16,RULE-OBJ-WHEN SYSTEM-USER-RECENTS PZISFILTERINGENABLED #20140707T092840.089 GMT,,W,TRUE,FALSE,0,0,0,0
206,16,RULE-HTML-FRAGMENT PZGRIDOPENACTION #20141218T064019.183 GMT,,S,Contributed-Length: 11,FALSE,0,0,0,0
208,16,RULE-DECLARE-PAGES DECLARE_PXRECENTS #20161101T173625.303 GMT,,DP,,,0,0,0,0
209,16,RULE-DECLARE-PAGES DECLARE_PXRECENTS #20161101T173625.303 GMT,,DP,,,0,0,0,0
207,16,RULE-HTML-SECTION @BASECLASS PYFATLISTITEMS #20160909T102746.374 GMT,,S,Contributed-Length: 5716,FALSE,0,0,0.002,0.002
210,16,RULE-OBJ-WHEN SYSTEM-USER-RECENTS PZISFILTERINGENABLED #20140707T092840.089 GMT,,W,TRUE,FALSE,0,0,0,0
211,16,RULE-HTML-FRAGMENT PZGRIDOPENACTION #20141218T064019.183 GMT,,S,Contributed-Length: 11,FALSE,0,0,0,0
213,16,RULE-DECLARE-PAGES DECLARE_PXRECENTS #20161101T173625.303 GMT,,DP,,,0,0,0,0
214,16,RULE-DECLARE-PAGES DECLARE_PXRECENTS #20161101T173625.303 GMT,,DP,,,0,0,0,0
212,16,RULE-HTML-SECTION @BASECLASS PYFATLISTITEMS #20160909T102746.374 GMT,,S,Contributed-Length: 5736,FALSE,0,0,0.002,0.002
215,16,RULE-OBJ-WHEN SYSTEM-USER-RECENTS PZISFILTERINGENABLED #20140707T092840.089 GMT,,W,TRUE,FALSE,0,0,0,0
216,16,RULE-HTML-FRAGMENT PZGRIDOPENACTION #20141218T064019.183 GMT,,S,Contributed-Length: 11,FALSE,0,0,0,0
218,16,RULE-DECLARE-PAGES DECLARE_PXRECENTS #20161101T173625.303 GMT,,DP,,,0,0,0,0
219,16,RULE-DECLARE-PAGES DECLARE_PXRECENTS #20161101T173625.303 GMT,,DP,,,0,0,0,0
217,16,RULE-HTML-SECTION @BASECLASS PYFATLISTITEMS #20160909T102746.374 GMT,,S,Contributed-Length: 5737,FALSE,0,0,0.001,0.001
220,16,RULE-OBJ-WHEN SYSTEM-USER-RECENTS PZISFILTERINGENABLED #20140707T092840.089 GMT,,W,TRUE,FALSE,0,0,0,0
221,16,RULE-HTML-FRAGMENT PZGRIDOPENACTION #20141218T064019.183 GMT,,S,Contributed-Length: 11,FALSE,0,0,0,0
223,16,RULE-DECLARE-PAGES DECLARE_PXRECENTS #20161101T173625.303 GMT,,DP,,,0,0,0,0
224,16,RULE-DECLARE-PAGES DECLARE_PXRECENTS #20161101T173625.303 GMT,,DP,,,0,0,0,0
222,16,RULE-HTML-SECTION @BASECLASS PYFATLISTITEMS #20160909T102746.374 GMT,,S,Contributed-Length: 5733,FALSE,0,0,0.001,0.001
225,16,RULE-OBJ-WHEN SYSTEM-USER-RECENTS PZISFILTERINGENABLED #20140707T092840.089 GMT,,W,TRUE,FALSE,0,0,0,0
226,16,RULE-HTML-FRAGMENT PZGRIDOPENACTION #20141218T064019.183 GMT,,S,Contributed-Length: 11,FALSE,0,0,0,0
228,16,RULE-DECLARE-PAGES DECLARE_PXRECENTS #20161101T173625.303 GMT,,DP,,,0,0,0,0
229,16,RULE-DECLARE-PAGES DECLARE_PXRECENTS #20161101T173625.303 GMT,,DP,,,0,0,0,0
227,16,RULE-HTML-SECTION @BASECLASS PYFATLISTITEMS #20160909T102746.374 GMT,,S,Contributed-Length: 5752,FALSE,0,0,0.001,0.001
230,16,RULE-OBJ-WHEN SYSTEM-USER-RECENTS PZISFILTERINGENABLED #20140707T092840.089 GMT,,W,TRUE,FALSE,0,0,0,0
231,16,RULE-HTML-FRAGMENT PZGRIDOPENACTION #20141218T064019.183 GMT,,S,Contributed-Length: 11,FALSE,0,0,0,0
233,16,RULE-DECLARE-PAGES DECLARE_PXRECENTS #20161101T173625.303 GMT,,DP,,,0,0,0,0
234,16,RULE-DECLARE-PAGES DECLARE_PXRECENTS #20161101T173625.303 GMT,,DP,,,0,0,0,0
232,16,RULE-HTML-SECTION @BASECLASS PYFATLISTITEMS #20160909T102746.374 GMT,,S,Contributed-Length: 5762,FALSE,0,0,0.001,0.001
235,16,RULE-OBJ-WHEN SYSTEM-USER-RECENTS PZISFILTERINGENABLED #20140707T092840.089 GMT,,W,TRUE,FALSE,0,0,0,0
236,16,RULE-HTML-FRAGMENT PZGRIDOPENACTION #20141218T064019.183 GMT,,S,Contributed-Length: 11,FALSE,0,0,0.001,0.001
238,16,RULE-DECLARE-PAGES DECLARE_PXRECENTS #20161101T173625.303 GMT,,DP,,,0,0,0,0
239,16,RULE-DECLARE-PAGES DECLARE_PXRECENTS #20161101T173625.303 GMT,,DP,,,0,0,0,0
237,16,RULE-HTML-SECTION @BASECLASS PYFATLISTITEMS #20160909T102746.374 GMT,,S,Contributed-Length: 5763,FALSE,0,0,0.001,0.001
240,16,RULE-OBJ-WHEN SYSTEM-USER-RECENTS PZISFILTERINGENABLED #20140707T092840.089 GMT,,W,TRUE,FALSE,0,0,0.001,0.001
241,16,RULE-HTML-FRAGMENT PZGRIDOPENACTION #20141218T064019.183 GMT,,S,Contributed-Length: 11,FALSE,0,0,0,0
243,16,RULE-DECLARE-PAGES DECLARE_PXRECENTS #20161101T173625.303 GMT,,DP,,,0,0,0,0
244,16,RULE-DECLARE-PAGES DECLARE_PXRECENTS #20161101T173625.303 GMT,,DP,,,0,0,0,0
242,16,RULE-HTML-SECTION @BASECLASS PYFATLISTITEMS #20160909T102746.374 GMT,,S,Contributed-Length: 5716,FALSE,0,0,0.001,0.001
245,16,RULE-OBJ-WHEN SYSTEM-USER-RECENTS PZISFILTERINGENABLED #20140707T092840.089 GMT,,W,TRUE,FALSE,0,0,0,0
246,16,RULE-HTML-FRAGMENT PZGRIDOPENACTION #20141218T064019.183 GMT,,S,Contributed-Length: 11,FALSE,0,0,0.001,0.001
248,16,RULE-DECLARE-PAGES DECLARE_PXRECENTS #20161101T173625.303 GMT,,DP,,,0,0,0,0
249,16,RULE-DECLARE-PAGES DECLARE_PXRECENTS #20161101T173625.303 GMT,,DP,,,0,0,0,0
247,16,RULE-HTML-SECTION @BASECLASS PYFATLISTITEMS #20160909T102746.374 GMT,,S,Contributed-Length: 5716,FALSE,0,0,0.002,0.002
250,16,RULE-OBJ-WHEN SYSTEM-USER-RECENTS PZISFILTERINGENABLED #20140707T092840.089 GMT,,W,TRUE,FALSE,0,0,0,0
251,16,RULE-HTML-FRAGMENT PZGRIDOPENACTION #20141218T064019.183 GMT,,S,Contributed-Length: 11,FALSE,0,0,0,0
253,16,RULE-DECLARE-PAGES DECLARE_PXRECENTS #20161101T173625.303 GMT,,DP,,,0,0,0,0
254,16,RULE-DECLARE-PAGES DECLARE_PXRECENTS #20161101T173625.303 GMT,,DP,,,0,0,0,0
252,16,RULE-HTML-SECTION @BASECLASS PYFATLISTITEMS #20160909T102746.374 GMT,,S,Contributed-Length: 5759,FALSE,0,0,0.002,0.002
255,16,RULE-OBJ-WHEN SYSTEM-USER-RECENTS PZISFILTERINGENABLED #20140707T092840.089 GMT,,W,TRUE,FALSE,0,0,0,0
256,16,RULE-HTML-FRAGMENT PZGRIDOPENACTION #20141218T064019.183 GMT,,S,Contributed-Length: 11,FALSE,0,0,0,0
258,16,RULE-DECLARE-PAGES DECLARE_PXRECENTS #20161101T173625.303 GMT,,DP,,,0,0,0,0
259,16,RULE-DECLARE-PAGES DECLARE_PXRECENTS #20161101T173625.303 GMT,,DP,,,0,0,0,0
257,16,RULE-HTML-SECTION @BASECLASS PYFATLISTITEMS #20160909T102746.374 GMT,,S,Contributed-Length: 5716,FALSE,0,0,0.001,0.001
260,16,RULE-OBJ-WHEN SYSTEM-USER-RECENTS PZISFILTERINGENABLED #20140707T092840.089 GMT,,W,TRUE,FALSE,0,0,0,0
261,16,RULE-HTML-FRAGMENT PZGRIDOPENACTION #20141218T064019.183 GMT,,S,Contributed-Length: 11,FALSE,0,0,0,0
263,16,RULE-DECLARE-PAGES DECLARE_PXRECENTS #20161101T173625.303 GMT,,DP,,,0,0,0,0
264,16,RULE-DECLARE-PAGES DECLARE_PXRECENTS #20161101T173625.303 GMT,,DP,,,0,0,0,0
262,16,RULE-HTML-SECTION @BASECLASS PYFATLISTITEMS #20160909T102746.374 GMT,,S,Contributed-Length: 5766,FALSE,0,0,0.002,0.002
101,16,RULE-HTML-SECTION @BASECLASS PZRECENTEXPLORERGRID #20160909T102746.490 GMT,,S,Contributed-Length: 20013,FALSE,0,0,0.086,0.039
92,16,RULE-HTML-SECTION @BASECLASS PZRECENTEXPLORER #20151111T122327.726 GMT,,S,Contributed-Length: 4601,FALSE,0,0,0.089,-0.013
268,16,RULE-DECLARE-PAGES D_PXUSERDASHBOARD #20141223T140645.014 GMT,,DP,,,0,0,0,0
269,16,RULE-DECLARE-PAGES D_PXUSERDASHBOARD #20141223T140645.014 GMT,,DP,,,0,0,0,0
270,16,RULE-DECLARE-PAGES D_PXUSERDASHBOARD #20141223T140645.014 GMT,,DP,,,0,0,0,0
267,16,RULE-OBJ-WHEN @BASECLASS HASMESSAGES #20130918T235432.414 GMT,,W,FALSE,FALSE,0,0,0,0
271,16,RULE-OBJ-WHEN @BASECLASS PZHASWARNINGS #20130919T012001.630 GMT,,W,FALSE,FALSE,0,0,0,0
266,16,RULE-HTML-SECTION @BASECLASS DISPLAYRFHARNESSERRORS #20160902T111554.758 GMT,,S,Contributed-Length: 468,FALSE,0,0,0.001,0.001
272,16,RULE-DECLARE-PAGES D_PXUSERDASHBOARD #20141223T140645.014 GMT,RULE-OBJ-ACTIVITY @BASECLASS RELOADSECTION #20170710T071709.574 GMT,DP,,,0,0,0,0
273,16,RULE-DECLARE-PAGES D_PXUSERDASHBOARD #20141223T140645.014 GMT,RULE-OBJ-ACTIVITY @BASECLASS RELOADSECTION #20170710T071709.574 GMT,DP,,,0,0,0,0
274,16,RULE-DECLARE-PAGES D_PXUSERDASHBOARD #20141223T140645.014 GMT,RULE-OBJ-ACTIVITY @BASECLASS RELOADSECTION #20170710T071709.574 GMT,DP,,,0,0,0,0
275,16,RULE-DECLARE-PAGES D_PXUSERDASHBOARD #20141223T140645.014 GMT,RULE-OBJ-ACTIVITY @BASECLASS RELOADSECTION #20170710T071709.574 GMT,DP,,,0,0,0,0
265,16,RULE-HTML-FRAGMENT FORMERRORMARKER #20150508T063241.925 GMT,RULE-OBJ-ACTIVITY @BASECLASS RELOADSECTION #20170710T071709.574 GMT,S,Contributed-Length: 68,TRUE,0,0,0.002,0.001
277,16,RULE-OBJ-HTML @BASECLASS PZONLYONCECHANGES #20170404T193659.359 GMT,RULE-OBJ-ACTIVITY @BASECLASS RELOADSECTION #20170710T071709.574 GMT,S,Contributed-Length: 0,TRUE,0,0,0,0
276,16,RULE-HTML-FRAGMENT DOCUMENTINFO #20170209T125145.055 GMT,RULE-OBJ-ACTIVITY @BASECLASS RELOADSECTION #20170710T071709.574 GMT,S,Contributed-Length: 5,TRUE,0,0,0,0
278,16,RULE-OBJ-HTML @BASECLASS PZONLYONCECHANGES #20170404T193659.359 GMT,RULE-OBJ-ACTIVITY @BASECLASS RELOADSECTION #20170710T071709.574 GMT,S,Contributed-Length: 0,TRUE,0,0,0,0
280,16,RULE-DECLARE-PAGES DECLARE_PXRECENTS #20161101T173625.303 GMT,RULE-OBJ-ACTIVITY @BASECLASS RELOADSECTION #20170710T071709.574 GMT,DP,,,0,0,0,0
281,16,RULE-DECLARE-PAGES DECLARE_PZRECENTSCACHE #20130919T004803.735 GMT,RULE-OBJ-ACTIVITY @BASECLASS RELOADSECTION #20170710T071709.574 GMT,DP,,,0,0,0,0
282,16,RULE-DECLARE-PAGES DECLARE_PXRECENTS #20161101T173625.303 GMT,RULE-OBJ-ACTIVITY @BASECLASS RELOADSECTION #20170710T071709.574 GMT,DP,,,0,0,0,0
283,16,RULE-DECLARE-PAGES D_PDNFEED #20140603T105019.152 GMT,RULE-OBJ-ACTIVITY @BASECLASS RELOADSECTION #20170710T071709.574 GMT,DP,,,0,0,0,0
284,16,RULE-DECLARE-PAGES DECLARE_PXRECENTS #20161101T173625.303 GMT,RULE-OBJ-ACTIVITY @BASECLASS RELOADSECTION #20170710T071709.574 GMT,DP,,,0,0,0,0
285,16,RULE-DECLARE-PAGES D_PDNFEED #20140603T105019.152 GMT,RULE-OBJ-ACTIVITY @BASECLASS RELOADSECTION #20170710T071709.574 GMT,DP,,,0,0,0,0
286,16,RULE-DECLARE-PAGES DECLARE_PXRECENTS #20161101T173625.303 GMT,RULE-OBJ-ACTIVITY @BASECLASS RELOADSECTION #20170710T071709.574 GMT,DP,,,0,0,0,0
287,16,RULE-DECLARE-PAGES D_PDNFEED #20140603T105019.152 GMT,RULE-OBJ-ACTIVITY @BASECLASS RELOADSECTION #20170710T071709.574 GMT,DP,,,0,0,0,0
288,16,RULE-DECLARE-PAGES DECLARE_PXRECENTS #20161101T173625.303 GMT,RULE-OBJ-ACTIVITY @BASECLASS RELOADSECTION #20170710T071709.574 GMT,DP,,,0,0,0,0
289,16,RULE-DECLARE-PAGES DECLARE_PXRECENTS #20161101T173625.303 GMT,RULE-OBJ-ACTIVITY @BASECLASS RELOADSECTION #20170710T071709.574 GMT,DP,,,0,0,0,0
290,16,RULE-DECLARE-PAGES D_PDNFEED #20140603T105019.152 GMT,RULE-OBJ-ACTIVITY @BASECLASS RELOADSECTION #20170710T071709.574 GMT,DP,,,0,0,0,0
291,16,RULE-DECLARE-PAGES DECLARE_PXRECENTS #20161101T173625.303 GMT,RULE-OBJ-ACTIVITY @BASECLASS RELOADSECTION #20170710T071709.574 GMT,DP,,,0,0,0,0
292,16,RULE-DECLARE-PAGES DECLARE_PYDISPLAY #20130919T011245.707 GMT,RULE-OBJ-ACTIVITY @BASECLASS RELOADSECTION #20170710T071709.574 GMT,DP,,,0,0,0,0
293,16,RULE-DECLARE-PAGES DECLARE_PXRECENTS #20161101T173625.303 GMT,RULE-OBJ-ACTIVITY @BASECLASS RELOADSECTION #20170710T071709.574 GMT,DP,,,0,0,0,0
294,16,RULE-DECLARE-PAGES D_PDNFEED #20140603T105019.152 GMT,RULE-OBJ-ACTIVITY @BASECLASS RELOADSECTION #20170710T071709.574 GMT,DP,,,0,0,0,0
295,16,RULE-DECLARE-PAGES DECLARE_PXRECENTS #20161101T173625.303 GMT,RULE-OBJ-ACTIVITY @BASECLASS RELOADSECTION #20170710T071709.574 GMT,DP,,,0,0,0,0
296,16,RULE-DECLARE-PAGES D_PDNFEED #20140603T105019.152 GMT,RULE-OBJ-ACTIVITY @BASECLASS RELOADSECTION #20170710T071709.574 GMT,DP,,,0,0,0,0
297,16,RULE-DECLARE-PAGES DECLARE_PXRECENTS #20161101T173625.303 GMT,RULE-OBJ-ACTIVITY @BASECLASS RELOADSECTION #20170710T071709.574 GMT,DP,,,0,0,0,0
298,16,RULE-DECLARE-PAGES D_PDNFEED #20140603T105019.152 GMT,RULE-OBJ-ACTIVITY @BASECLASS RELOADSECTION #20170710T071709.574 GMT,DP,,,0,0,0,0
299,16,RULE-DECLARE-PAGES DECLARE_PXRECENTS #20161101T173625.303 GMT,RULE-OBJ-ACTIVITY @BASECLASS RELOADSECTION #20170710T071709.574 GMT,DP,,,0,0,0,0
300,16,RULE-DECLARE-PAGES D_PDNFEED #20140603T105019.152 GMT,RULE-OBJ-ACTIVITY @BASECLASS RELOADSECTION #20170710T071709.574 GMT,DP,,,0,0,0,0
301,16,RULE-DECLARE-PAGES DECLARE_PXRECENTS #20161101T173625.303 GMT,RULE-OBJ-ACTIVITY @BASECLASS RELOADSECTION #20170710T071709.574 GMT,DP,,,0,0,0,0
302,16,RULE-DECLARE-PAGES DECLARE_PXRECENTS #20161101T173625.303 GMT,RULE-OBJ-ACTIVITY @BASECLASS RELOADSECTION #20170710T071709.574 GMT,DP,,,0,0,0,0
303,16,RULE-DECLARE-PAGES DECLARE_PZRECENTSCACHE #20130919T004803.735 GMT,RULE-OBJ-ACTIVITY @BASECLASS RELOADSECTION #20170710T071709.574 GMT,DP,,,0,0,0,0
304,16,RULE-DECLARE-PAGES D_PDNFEED #20140603T105019.152 GMT,RULE-OBJ-ACTIVITY @BASECLASS RELOADSECTION #20170710T071709.574 GMT,DP,,,0,0,0,0
305,16,RULE-DECLARE-PAGES DECLARE_PXRECENTS #20161101T173625.303 GMT,RULE-OBJ-ACTIVITY @BASECLASS RELOADSECTION #20170710T071709.574 GMT,DP,,,0,0,0,0
306,16,RULE-DECLARE-PAGES DECLARE_PYDISPLAY #20130919T011245.707 GMT,RULE-OBJ-ACTIVITY @BASECLASS RELOADSECTION #20170710T071709.574 GMT,DP,,,0,0,0,0
307,16,RULE-DECLARE-PAGES DECLARE_PZRECENTSCACHE #20130919T004803.735 GMT,RULE-OBJ-ACTIVITY @BASECLASS RELOADSECTION #20170710T071709.574 GMT,DP,,,0,0,0,0
279,16,RULE-OBJ-HTML @BASECLASS PZTRACKERCHANGES #20160719T133328.325 GMT,RULE-OBJ-ACTIVITY @BASECLASS RELOADSECTION #20170710T071709.574 GMT,S,Contributed-Length: 1843,TRUE,0,0,0.006,0.006
89,16,RULE-OBJ-HTML @BASECLASS RELOADSECTIONS #20170719T033938.404 GMT,RULE-OBJ-ACTIVITY @BASECLASS RELOADSECTION #20170710T071709.574 GMT,S,Contributed-Length: 39,FALSE,0,0,0.098,0.001
88,16,RULE-OBJ-ACTIVITY @BASECLASS RELOADSECTION #20170710T071709.574 GMT,,11,Show-HTML,,0,0,0.098,0
309,17,RULE-OBJ-ACTIVITY DATA-PORTAL PZSWITCHPROFILER #20130919T011759.362 GMT,RULE-OBJ-ACTIVITY @BASECLASS PZRUNACTIONWRAPPER #20141003T134039.420 GMT,1,java,,0,0,0,0
310,17,RULE-OBJ-ACTIVITY DATA-PORTAL PZSWITCHPROFILER #20130919T011759.362 GMT,RULE-OBJ-ACTIVITY @BASECLASS PZRUNACTIONWRAPPER #20141003T134039.420 GMT,2,Property-Set,,0,0,0,0
308,17,RULE-OBJ-ACTIVITY @BASECLASS PZRUNACTIONWRAPPER #20141003T134039.420 GMT,,1,java,,0,0,0.001,0.001
311,17,RULE-OBJ-ACTIVITY @BASECLASS PZRUNACTIONWRAPPER #20141003T134039.420 GMT,,2,Property-Set,,0,0,0,0
312,17,RULE-OBJ-ACTIVITY @BASECLASS PZRUNACTIONWRAPPER #20141003T134039.420 GMT,,3,Show-Property,,0,0,0,0
315,17,RULE-DECLARE-PAGES DECLARE_PYDISPLAY #20130919T011245.707 GMT,RULE-OBJ-ACTIVITY @BASECLASS PZRUNACTIONWRAPPER #20141003T134039.420 GMT,DP,,,0,0,0,0
316,17,RULE-DECLARE-PAGES D_PDNFEED #20140603T105019.152 GMT,RULE-OBJ-ACTIVITY @BASECLASS PZRUNACTIONWRAPPER #20141003T134039.420 GMT,DP,,,0,0,0,0
317,17,RULE-DECLARE-PAGES D_PDNFEED #20140603T105019.152 GMT,RULE-OBJ-ACTIVITY @BASECLASS PZRUNACTIONWRAPPER #20141003T134039.420 GMT,DP,,,0,0,0,0
318,17,RULE-DECLARE-PAGES DECLARE_PZRECENTSCACHE #20130919T004803.735 GMT,RULE-OBJ-ACTIVITY @BASECLASS PZRUNACTIONWRAPPER #20141003T134039.420 GMT,DP,,,0,0,0,0
319,17,RULE-DECLARE-PAGES D_PDNFEED #20140603T105019.152 GMT,RULE-OBJ-ACTIVITY @BASECLASS PZRUNACTIONWRAPPER #20141003T134039.420 GMT,DP,,,0,0,0,0
320,17,RULE-DECLARE-PAGES DECLARE_PZRECENTSCACHE #20130919T004803.735 GMT,RULE-OBJ-ACTIVITY @BASECLASS PZRUNACTIONWRAPPER #20141003T134039.420 GMT,DP,,,0,0,0,0
321,17,RULE-DECLARE-PAGES D_PDNFEED #20140603T105019.152 GMT,RULE-OBJ-ACTIVITY @BASECLASS PZRUNACTIONWRAPPER #20141003T134039.420 GMT,DP,,,0,0,0,0
322,17,RULE-DECLARE-PAGES DECLARE_PYDISPLAY #20130919T011245.707 GMT,RULE-OBJ-ACTIVITY @BASECLASS PZRUNACTIONWRAPPER #20141003T134039.420 GMT,DP,,,0,0,0,0
323,17,RULE-DECLARE-PAGES D_PDNFEED #20140603T105019.152 GMT,RULE-OBJ-ACTIVITY @BASECLASS PZRUNACTIONWRAPPER #20141003T134039.420 GMT,DP,,,0,0,0,0
324,17,RULE-DECLARE-PAGES DECLARE_PYDISPLAY #20130919T011245.707 GMT,RULE-OBJ-ACTIVITY @BASECLASS PZRUNACTIONWRAPPER #20141003T134039.420 GMT,DP,,,0,0,0,0
314,17,RULE-OBJ-HTML @BASECLASS PZTRACKERCHANGES #20160719T133328.325 GMT,RULE-OBJ-ACTIVITY @BASECLASS PZRUNACTIONWRAPPER #20141003T134039.420 GMT,S,Contributed-Length: 0,FALSE,0,0,0.001,0.001
313,17,RULE-OBJ-ACTIVITY @BASECLASS PZRUNACTIONWRAPPER #20141003T134039.420 GMT,,4,Java,,0,0,0.001,0
326,17,RULE-OBJ-ACTIVITY @BASECLASS PZRUNACTIONWRAPPER #20141003T134039.420 GMT,,W,TRUE,TRUE,0,0,0,0
